filename,case_id,scan_id,x,y,width,height
case0231_001.png,case0231,001,57.148,50.294,331.648,378.586
case0231_001.png,case0231,001,362.905,160.80784,108.90599999999999,250.36
case0210_001.png,case0210,001,188.0,302.806,17.204,15.0
case0108_004.png,case0108,004,174.599,234.584,100.524,69.416
case0188_002.png,case0188,002,45.47598,10.408000000000001,203.45399999999998,376.48400000000004
case0109_001.png,case0109,001,236.0,83.0,119.0,162.0
case0109_001.png,case0109,001,108.0,22.0,131.0,102.0
case0009_003.png,case0009,003,301.0,203.0,88.0,95.0
case0057_001.png,case0057,001,259.194,291.408,59.428,75.99000000000001
case0061_001.png,case0061,001,138.576,100.464,192.87199999999999,280.192
case0206_001.png,case0206,001,98.77600000000001,69.20400000000001,136.01,335.97
case0091_003.png,case0091,003,91.772,114.584,172.691,221.785
case0225_002.png,case0225,002,179.203,231.594,45.198,44.807
case0225_002.png,case0225,002,257.203,221.411,48.198,55.579
case0090_001.png,case0090,001,193.39088,237.112,86.856,71.096
case0137_001.png,case0137,001,217.0,197.0,73.0,65.0
case0137_001.png,case0137,001,286.0,250.0,37.0,59.0
case0252_001.png,case0252,001,71.421,46.614,172.366,392.97
case0033_001.png,case0033,001,180.112,261.20799999999997,59.032,59.84
case0212_002.png,case0212,002,277.807,157.178,166.183,210.39100000000002
case0212_002.png,case0212,002,17.208,146.421,163.624,247.534
case0185_007.png,case0185,007,223.121,11.120999999999999,173.671,252.59699999999998
case0273_001.png,case0273,001,180.308,199.378,114.33399999999999,112.86600000000001
case0056_004.png,case0056,004,151.0,126.0,85.0,117.0
case0056_004.png,case0056,004,294.0,139.0,71.0,121.0
case0230_001.png,case0230,001,136.0,74.0,183.0,184.0
case0230_001.png,case0230,001,258.0,288.0,105.0,171.0
case0230_001.png,case0230,001,95.0,274.0,127.0,178.0
case0071_008.png,case0071,008,237.008,107.43088,144.576,115.26400000000001
case0262_004.png,case0262,004,189.198,255.589,40.807,75.416
case0277_003.png,case0277,003,146.76600000000002,136.59199999999998,135.244,118.02000000000001
case0226_001.png,case0226,001,86.16,266.42456000000004,170.816,184.848
case0166_002.png,case0166,002,95.62588,103.80856,152.966,162.46800000000002
case0080_003.png,case0080,003,199.65711999999996,218.928,101.84,79.096
case0015_001.png,case0015,001,141.92632,202.72000000000003,71.168,100.14399999999999
case0015_001.png,case0015,001,259.928,200.16000000000003,70.47200000000001,102.12
case0151_007.png,case0151,007,258.0,125.0,45.0,93.0
case0008_001.png,case0008,001,236.41897,238.594,57.019999999999996,38.629000000000005
case0214_004.png,case0214,004,38.367999999999995,161.136,322.94399999999996,255.07999999999998
case0174_001.png,case0174,001,237.817,69.614,162.203,261.56399999999996
case0003_001.png,case0003,001,230.512,299.248,148.216,148.152
case0013_001.png,case0013,001,144.83836,226.84987999999998,232.50799999999998,151.304
case0198_004.png,case0198,004,129.745,236.39600000000002,50.208,66.255
case0059_008.png,case0059,008,38.574,118.178,409.045,312.24800000000005
case0132_002.png,case0132,002,150.53791999999999,206.154,134.56799999999998,118.488
case0261_002.png,case0261,002,164.0,234.0,64.0,96.0
case0261_002.png,case0261,002,254.0,228.0,77.0,95.0
case0095_004.png,case0095,004,296.0,11.0,104.0,79.0
case0041_005.png,case0041,005,121.40100000000001,196.208,257.193,198.193
case0002_001.png,case0002,001,68.0,7.0,161.0,407.0
case0064_003.png,case0064,003,93.34800000000001,62.134,276.06,365.08000000000004
case0032_002.png,case0032,002,174.60399999999998,197.203,103.995,76.594
case0068_002.png,case0068,002,234.745,22.006999999999998,167.812,223.20100000000002
case0189_006.png,case0189,006,95.15799999999999,64.366,156.832,215.972
case0197_002.png,case0197,002,278.255,189.886,151.39600000000002,171.067
case0004_005.png,case0004,005,244.349,124.839,76.0,94.76500000000001
case0005_002.png,case0005,002,162.0,166.0,57.0,84.0
case0005_002.png,case0005,002,264.0,171.0,54.0,75.0
case0224_002.png,case0224,002,228.38799999999998,184.38799999999998,80.02,64.866
case0100_015.png,case0100,015,259.443,198.537,74.557,91.369
case0048_001.png,case0048,001,250.0,92.0,109.0,118.0
case0082_004.png,case0082,004,49.160000000000004,222.91255999999998,169.0,165.784
case0180_001.png,case0180,001,76.92553000000001,119.792,129.208,153.953
case0130_003.png,case0130,003,181.0,273.0,93.0,45.0
case0136_003.png,case0136,003,266.198,60.400999999999996,69.416,104.589
case0276_002.png,case0276,002,211.609,58.004999999999995,222.579,204.198
case0099_010.png,case0099,010,208.89999999999998,239.388,83.50800000000001,65.826
case0194_001.png,case0194,001,173.55700000000002,65.30199999999999,219.215,209.027
case0093_009.png,case0093,009,271.599,268.198,73.985,64.218
case0202_002.png,case0202,002,323.094,249.651,51.51,55.772
case0123_001.png,case0123,001,138.411,142.40001,188.98000000000002,166.376
case0040_002.png,case0040,002,61.010000000000005,26.396,205.637,195.599
case0148_001.png,case0148,001,193.203,296.995,91.797,69.401
case0223_001.png,case0223,001,99.0,269.0,266.0,127.0
case0156_002.png,case0156,002,94.0,95.0,292.0,183.0
case0195_002.png,case0195,002,279.952,180.648,101.072,119.92000000000002
case0215_001.png,case0215,001,148.443,263.396,77.85900000000001,82.557
case0225_004.png,case0225,004,182.39600000000002,237.094,37.208,49.973
case0225_004.png,case0225,004,254.745,226.584,49.812000000000005,61.483000000000004
case0271_001.png,case0271,001,221.602,272.99,49.397999999999996,68.746
case0115_001.png,case0115,001,101.443,155.49,130.557,101.51
case0200_001.png,case0200,001,196.80599999999998,219.99,89.20400000000001,68.43799999999999
case0128_004.png,case0128,004,54.64,148.66400000000002,175.296,255.51999999999998
case0250_001.png,case0250,001,42.792,159.015,110.391,233.148
case0250_001.png,case0250,001,356.0,227.39100000000002,74.599,84.03999999999999
case0121_003.png,case0121,003,196.78400000000002,89.232,187.07999999999998,224.32
case0192_002.png,case0192,002,249.248,45.368,123.04,86.568
case0182_001.png,case0182,001,104.79545999999999,37.97034,332.638,430.722
case0135_001.png,case0135,001,174.60399999999998,206.995,124.797,86.401
case0083_001.png,case0083,001,240.0,250.0,109.0,89.0
case0195_001.png,case0195,001,278.56112,161.832,120.00800000000001,136.8
case0267_002.png,case0267,002,109.0,272.99,149.589,145.01
case0065_001.png,case0065,001,97.968,54.504,131.55200000000002,132.48000000000002
case0245_003.png,case0245,003,92.976,252.376,139.304,144.712
case0222_003.png,case0222,003,102.44,44.256,275.072,398.672
case0063_002.png,case0063,002,157.329,266.155,183.04000000000002,172.892
case0078_001.png,case0078,001,133.56812,261.94,67.03,51.846000000000004
case0075_003.png,case0075,003,110.0,42.0,264.0,102.0
case0075_003.png,case0075,003,290.0,150.0,81.0,252.0
case0075_003.png,case0075,003,112.0,148.0,59.0,262.0
case0067_004.png,case0067,004,232.047,207.725,152.812,204.946
case0085_002.png,case0085,002,180.094,235.14100000000002,122.55699999999999,103.50999999999999
case0142_003.png,case0142,003,198.0,294.0,90.0,95.0
case0281_001.png,case0281,001,265.839,218.651,112.812,118.859
case0052_005.png,case0052,005,209.368,127.542,69.488,138.468
case0216_001.png,case0216,001,130.604,111.015,203.386,233.37599999999998
case0177_003.png,case0177,003,261.0,177.0,32.0,30.0
case0102_006.png,case0102,006,148.0,287.0,36.0,28.0
case0126_002.png,case0126,002,132.0,116.0,73.0,242.0
case0126_002.png,case0126,002,277.0,122.0,63.0,232.0
case0151_005.png,case0151,005,260.20799999999997,130.406,77.80199999999999,109.995
case0279_003.png,case0279,003,198.792,202.98000000000002,166.27499999999998,213.181
case0091_007.png,case0091,007,186.32000000000002,133.368,94.52000000000001,99.67999999999999
case0092_002.png,case0092,002,213.19299999999998,107.787,53.619,129.01
case0051_006.png,case0051,006,158.50400000000002,87.416,95.64,78.656
case0149_004.png,case0149,004,97.599,144.584,106.40100000000001,157.21800000000002
case0272_001.png,case0272,001,0.0,200.99,59.010000000000005,49.756
case0113_003.png,case0113,003,263.0,322.0,75.0,48.0
case0188_001.png,case0188,001,18.880000000000003,1.256,237.784,471.44
case0191_007.png,case0191,007,246.97,323.38800000000003,58.244,49.428
case0111_001.png,case0111,001,128.0,98.0,51.0,69.0
case0111_001.png,case0111,001,249.0,97.0,42.0,64.0
case0071_002.png,case0071,002,251.0,78.0,116.0,171.0
case0053_001.png,case0053,001,183.0,170.0,51.0,101.0
case0053_001.png,case0053,001,271.0,177.0,57.0,104.0
case0050_001.png,case0050,001,199.904,168.536,88.912,119.232
case0059_001.png,case0059,001,182.0,172.0,39.0,131.0
case0059_001.png,case0059,001,259.0,155.0,27.0,115.0
case0265_002.png,case0265,002,117.378,60.388,235.632,351.19399999999996
case0132_008.png,case0132,008,124.0,93.0,237.0,368.0
case0099_008.png,case0099,008,208.248,212.39600000000002,88.351,64.59899999999999
case0240_001.png,case0240,001,75.985,123.66199999999999,133.39100000000002,214.318
case0240_001.png,case0240,001,263.747,118.276,150.659,205.897
case0185_003.png,case0185,003,184.0,1.0,240.0,262.0
case0185_002.png,case0185,002,275.985,0.401,191.99,205.296
case0022_001.png,case0022,001,197.92000000000002,116.672,85.576,99.84
case0047_001.png,case0047,001,253.44299999999998,323.79200000000003,74.114,72.765
case0276_005.png,case0276,005,231.094,27.799,135.671,175.664
case0136_005.png,case0136,005,208.762,173.98000000000002,128.243,138.223
case0133_003.png,case0133,003,185.39100000000002,208.584,79.431,63.81700000000001
case0057_002.png,case0057,002,259.203,269.401,55.797,80.386
case0056_003.png,case0056,003,314.792,181.141,58.557,84.369
case0056_003.png,case0056,003,127.92412999999999,160.33526999999998,43.282,79.651
case0071_003.png,case0071,003,247.406,82.21799999999999,110.802,163.772
case0157_003.png,case0157,003,294.20300000000003,215.812,77.59400000000001,86.584
case0189_002.png,case0189,002,108.23484,51.177980000000005,128.772,178.438
case0070_004.png,case0070,004,207.0,286.0,45.0,100.0
case0079_001.png,case0079,001,215.008,105.16,213.44,195.05599999999998
case0149_005.png,case0149,005,89.696,146.416,141.952,196.37599999999998
case0087_002.png,case0087,002,177.19299999999998,192.198,35.807,88.426
case0087_002.png,case0087,002,283.39099999999996,190.19799999999998,34.614000000000004,87.208
case0063_007.png,case0063,007,227.672,95.89416,22.119999999999997,72.648
case0279_002.png,case0279,002,204.95299999999997,227.39600000000002,140.141,186.718
case0055_004.png,case0055,004,192.0,272.0,98.0,41.0
case0125_003.png,case0125,003,38.768,1.256,265.112,250.272
case0177_002.png,case0177,002,269.99,180.98000000000002,25.418,20.622
case0100_008.png,case0100,008,198.97,260.99,83.468,87.826
case0158_002.png,case0158,002,190.614,161.797,126.97,153.198
case0052_004.png,case0052,004,202.60399999999998,110.005,73.406,88.386
case0115_007.png,case0115,007,123.60400000000001,183.599,111.183,110.97999999999999
case0268_001.png,case0268,001,136.56,169.648,160.0,175.392
case0074_001.png,case0074,001,177.198,239.396,36.807,39.400999999999996
case0074_001.png,case0074,001,288.79699999999997,243.792,32.411,36.203
case0222_002.png,case0222,002,169.0,139.0,143.0,123.0
case0222_002.png,case0222,002,95.0,138.0,72.0,254.0
case0222_002.png,case0222,002,313.0,144.0,79.0,230.0
case0063_003.png,case0063,003,78.0,289.0,331.0,183.0
case0036_001.png,case0036,001,251.744,39.647999999999996,147.48000000000002,441.11199999999997
case0182_002.png,case0182,002,85.00900999999999,35.609,333.60400000000004,424.381
case0071_004.png,case0071,004,243.802,242.411,105.193,129.584
case0217_001.png,case0217,001,46.792,138.584,95.06700000000001,92.83200000000001
case0217_001.png,case0217,001,342.564,131.23499999999999,95.691,79.369
case0075_005.png,case0075,005,202.0,223.0,77.0,45.0
case0118_002.png,case0118,002,111.443,251.188,254.49,159.51
case0121_002.png,case0121,002,147.025,137.0,179.351,243.183
case0150_003.png,case0150,003,175.41996,194.19299999999998,44.015,86.213
case0051_001.png,case0051,001,176.98000000000002,80.98,71.662,56.652
case0192_001.png,case0192,001,237.005,224.411,178.589,198.594
case0192_001.png,case0192,001,53.574,79.95,123.441,203.714
case0131_003.png,case0131,003,170.92200000000003,67.777,215.48899999999998,326.198
case0096_001.png,case0096,001,166.0,281.0,146.0,73.0
case0096_001.png,case0096,001,192.0,144.0,91.0,41.0
case0236_001.png,case0236,001,240.0,313.0,29.0,34.0
case0115_002.png,case0115,002,154.0,208.0,43.0,46.0
case0160_003.png,case0160,003,194.952,239.91312,90.328,90.952
case0237_003.png,case0237,003,243.047,125.49,94.69800000000001,172.765
case0237_003.png,case0237,003,129.651,127.094,85.765,165.302
case0238_002.png,case0238,002,132.995,121.792,193.80200000000002,301.213
case0172_001.png,case0172,001,126.386,145.406,303.02,187.822
case0156_003.png,case0156,003,163.0,210.0,150.0,76.0
case0070_011.png,case0070,011,258.193,246.39100000000002,57.218,77.84700000000001
case0205_001.png,case0205,001,104.94,139.368,104.672,98.84599999999999
case0004_002.png,case0004,002,187.45600000000002,231.832,115.50399999999999,112.08000000000001
case0076_003.png,case0076,003,191.06592,309.89204,190.86599999999999,107.866
case0244_001.png,case0244,001,58.87256000000001,44.648,389.608,458.392
case0040_003.png,case0040,003,147.985,147.421,94.213,233.767
case0040_003.png,case0040,003,36.183,76.356,130.659,263.045
case0040_003.png,case0040,003,329.58399999999995,120.702,99.837,233.927
case0062_002.png,case0062,002,154.0,75.0,269.0,399.0
case0093_008.png,case0093,008,254.0,296.0,119.0,114.0
case0202_001.png,case0202,001,323.0,229.61399999999998,58.0,81.18299999999999
case0249_001.png,case0249,001,228.0,182.0,64.0,85.0
case0130_004.png,case0130,004,201.39600000000002,283.53700000000003,64.604,60.067
case0276_003.png,case0276,003,126.55199999999999,40.903999999999996,123.05600000000001,104.424
case0190_004.png,case0190,004,104.11200000000001,229.72,117.12800000000001,103.632
case0190_004.png,case0190,004,259.928,244.856,98.19999999999999,82.032
case0098_008.png,case0098,008,166.99,172.787,40.614000000000004,52.010000000000005
case0098_008.png,case0098,008,253.589,174.183,39.203,48.218
case0229_003.png,case0229,003,192.464,300.768,153.632,128.704
case0100_014.png,case0100,014,256.094,200.34900000000002,81.463,89.161
case0069_001.png,case0069,001,42.464,174.328,123.12,100.0
case0081_004.png,case0081,004,295.589,234.01500000000001,107.406,94.614
case0014_001.png,case0014,001,250.651,332.188,64.65100000000001,63.765
case0041_004.png,case0041,004,107.112,212.328,247.50400000000002,227.43200000000002
case0001_001.png,case0001,001,179.44,130.024,119.048,103.568
case0233_001.png,case0233,001,119.52799999999999,278.952,122.84800000000001,142.656
case0233_001.png,case0233,001,67.6,52.328,75.952,217.50400000000002
case0095_002.png,case0095,002,235.04,393.368,83.944,77.68
case0261_001.png,case0261,001,115.0,261.0,260.0,184.0
case0047_006.png,case0047,006,243.112,321.976,83.24,74.792
case0198_005.png,case0198,005,123.19800000000001,233.995,47.608999999999995,68.401
case0191_003.png,case0191,003,234.604,327.985,72.198,67.055
case0059_007.png,case0059,007,54.568999999999996,145.361,362.659,260.278
case0214_005.png,case0214,005,10.040099999999999,99.04021999999999,354.31399999999996,254.35399999999998
case0209_001.png,case0209,001,196.39600000000002,230.594,57.406000000000006,67.005
case0078_002.png,case0078,002,132.416,231.464,77.352,66.768
case0156_004.png,case0156,004,117.0,262.0,91.0,51.0
case0025_002.png,case0025,002,80.406,264.787,297.562,149.258
case0228_002.png,case0228,002,281.005,130.747,117.624,219.238
case0166_003.png,case0166,003,74.396,226.0,195.015,149.401
case0080_002.png,case0080,002,266.745,194.094,55.557,69.906
case0080_002.png,case0080,002,160.094,193.44299999999998,53.906000000000006,68.906
case0152_001.png,case0152,001,267.60400000000004,221.208,65.39099999999999,55.989999999999995
case0034_003.png,case0034,003,169.01,270.802,162.78699999999998,161.787
case0254_001.png,case0254,001,34.6459,117.43106,171.23,142.248
case0196_001.png,case0196,001,97.08800000000001,33.28,308.96799999999996,138.648
case0163_003.png,case0163,003,51.203,169.777,116.787,139.822
case0039_002.png,case0039,002,170.064,300.624,133.92000000000002,121.96000000000001
case0071_007.png,case0071,007,308.13616,56.63173999999999,117.69200000000001,145.672
case0262_005.png,case0262,005,197.99,238.38099999999997,53.045,62.619
case0277_004.png,case0277,004,60.798680000000004,4.717320000000001,274.266,133.01
case0212_001.png,case0212,001,158.165,89.80199999999999,260.627,280.99
case0273_002.png,case0273,002,154.808,159.256,148.54399999999998,124.376
case0185_006.png,case0185,006,244.80700000000002,93.376,165.005,151.025
case0091_004.png,case0091,004,100.886,117.839,171.785,230.85899999999998
case0225_003.png,case0225,003,191.0,298.0,32.0,29.0
case0137_002.png,case0137,002,209.015,184.0,97.371,80.614
case0073_004.png,case0073,004,146.536,300.952,173.208,83.864
case0073_005.png,case0073,005,320.557,166.85899999999998,95.792,287.678
case0073_005.png,case0073,005,171.389,293.49698,137.255,100.738
case0073_005.png,case0073,005,83.34131,36.15519,61.29599999999999,350.993
case0188_003.png,case0188,003,40.784000000000006,1.0,211.704,452.76800000000003
case0038_002.png,case0038,002,293.904,153.44,39.728,62.864000000000004
case0038_002.png,case0038,002,143.392,144.392,36.704,64.936
case0102_010.png,case0102,010,303.0,256.0,77.0,45.0
case0108_003.png,case0108,003,188.0,231.0,96.0,71.0
case0047_003.png,case0047,003,249.953,319.39599999999996,75.047,80.208
case0099_011.png,case0099,011,185.609,194.80700000000002,85.74199999999999,85.78200000000001
case0033_002.png,case0033,002,267.0,282.0,43.0,69.0
case0081_002.png,case0081,002,217.60199999999998,273.0,45.0,30.816000000000003
case0045_001.png,case0045,001,116.797,210.78199999999998,54.406000000000006,55.822
case0037_001.png,case0037,001,315.832,261.928,72.00800000000001,65.632
case0102_001.png,case0102,001,135.296,274.43088,120.19200000000001,104.936
case0237_002.png,case0237,002,124.599,93.81700000000001,84.406,187.772
case0237_002.png,case0237,002,273.183,109.812,89.411,171.39100000000002
case0160_002.png,case0160,002,190.349,255.39600000000002,64.69800000000001,32.557
case0219_007.png,case0219,007,144.16,190.928,139.52,82.96
case0127_002.png,case0127,002,203.39600000000002,228.0,78.81200000000001,53.19799999999999
case0204_002.png,case0204,002,85.59598,35.786,285.07,232.622
case0204_002.png,case0204,002,95.174,306.97,282.652,114.66199999999999
case0150_002.png,case0150,002,176.995,177.589,41.411,91.406
case0184_002.png,case0184,002,246.802,267.579,173.01999999999998,207.61399999999998
case0184_002.png,case0184,002,183.193,90.599,46.208,62.385999999999996
case0135_002.png,case0135,002,179.812,248.51,122.819,92.745
case0056_005.png,case0056,005,137.0,122.0,106.0,124.0
case0056_005.png,case0056,005,276.0,134.0,90.0,131.0
case0217_003.png,case0217,003,6.0,6.0,458.0,404.0
case0243_002.png,case0243,002,247.20299999999997,272.20300000000003,119.995,166.78699999999998
case0273_006.png,case0273,006,213.698,160.44299999999998,52.604,51.067
case0273_006.png,case0273,006,227.094,250.792,36.114000000000004,42.906
case0153_002.png,case0153,002,126.0,133.0,252.0,111.0
case0153_002.png,case0153,002,138.0,21.0,238.0,56.0
case0245_002.png,case0245,002,93.21799999999999,74.995,142.772,161.01
case0098_003.png,case0098,003,165.76,155.488,143.336,122.28
case0102_002.png,case0102,002,177.0,277.0,81.0,72.0
case0099_001.png,case0099,001,197.0,228.0,82.0,50.0
case0268_005.png,case0268,005,181.094,185.188,112.55700000000002,138.416
case0070_003.png,case0070,003,211.0,272.0,42.0,30.0
case0093_003.png,case0093,003,241.39600000000002,298.34900000000005,95.60400000000001,96.604
case0082_007.png,case0082,007,82.0,174.817,114.0,199.178
case0151_003.png,case0151,003,259.698,147.839,60.047,94.812
case0239_003.png,case0239,003,181.094,256.49,113.691,115.919
case0279_005.png,case0279,005,187.44299999999998,72.65751,242.993,243.10699999999997
case0164_003.png,case0164,003,251.796,10.204,177.836,439.806
case0055_003.png,case0055,003,216.0,282.0,36.214,26.0
case0165_001.png,case0165,001,259.047,222.69799999999998,77.255,100.463
case0070_005.png,case0070,005,203.401,314.559,45.599000000000004,71.045
case0149_002.png,case0149,002,212.401,48.995000000000005,154.599,121.604
case0267_001.png,case0267,001,249.368,71.6,216.888,389.288
case0088_002.png,case0088,002,25.184,38.456,118.656,237.69600000000003
case0046_001.png,case0046,001,162.0,67.0,71.0,115.0
case0133_002.png,case0133,002,170.94,222.184,105.458,74.886
case0068_006.png,case0068,006,228.0,41.168,184.0,211.94400000000002
case0139_001.png,case0139,001,195.208,249.01,90.39099999999999,80.381
case0029_001.png,case0029,001,129.61975999999999,105.21064000000001,133.264,71.294
case0270_004.png,case0270,004,22.0,1.0,425.0,478.0
case0132_001.png,case0132,001,189.262,208.98000000000002,117.20100000000001,103.13400000000001
case0211_004.png,case0211,004,253.648,175.064,88.496,80.68
case0064_010.png,case0064,010,73.33922,81.64847,319.745,162.698
case0064_008.png,case0064,008,102.52108,47.34626,285.09000000000003,237.234
case0188_004.png,case0188,004,57.0,9.0,188.0,433.0
case0016_002.png,case0016,002,163.60399999999998,9.792,99.436,158.589
case0141_001.png,case0141,001,229.232,44.648,207.536,208.84
case0204_001.png,case0204,001,188.198,209.98499999999999,94.60900000000001,75.619
case0012_002.png,case0012,002,244.094,151.282,101.463,187.228
case0256_001.png,case0256,001,17.992559999999997,23.208000000000002,243.43200000000002,259.44
case0099_006.png,case0099,006,216.43599999999998,214.396,66.163,60.797
case0092_001.png,case0092,001,148.43200000000002,119.064,140.99200000000002,135.8
case0212_003.png,case0212,003,121.0,155.0,97.0,117.0
case0212_003.png,case0212,003,254.0,158.0,105.0,118.0
case0252_002.png,case0252,002,108.49000000000001,201.30200000000002,81.624,115.604
case0242_002.png,case0242,002,216.594,171.07999999999998,143.01500000000001,252.50900000000001
case0073_002.png,case0073,002,57.232,226.57600000000002,332.512,232.096
case0163_001.png,case0163,001,50.772000000000006,172.329,112.08699999999999,127.53
case0034_004.png,case0034,004,172.0,271.0,180.0,128.0
case0034_004.png,case0034,004,268.0,173.0,78.0,72.0
case0034_004.png,case0034,004,134.0,185.0,47.0,55.0
case0207_001.png,case0207,001,144.44,126.512,53.048,25.0
case0094_005.png,case0094,005,39.0549,270.7009,157.07,212.04000000000002
case0178_002.png,case0178,002,182.0,168.0,100.0,75.0
case0038_003.png,case0038,003,142.194,191.204,27.009999999999998,51.194
case0038_003.png,case0038,003,286.408,199.61200000000002,34.194,56.582
case0221_001.png,case0221,001,76.822,3.4060000000000006,285.351,269.178
case0176_004.png,case0176,004,30.368,51.46736,212.584,276.11199999999997
case0278_002.png,case0278,002,95.0,142.0,135.0,139.0
case0166_001.png,case0166,001,69.164,226.532,181.036,224.886
case0263_001.png,case0263,001,200.67200000000003,203.62400000000002,94.67999999999999,54.959999999999994
case0214_002.png,case0214,002,83.619,116.812,244.98999999999998,202.203
case0143_002.png,case0143,002,235.985,35.975,141.02,132.228
case0116_001.png,case0116,001,107.08800000000001,275.576,104.432,138.07999999999998
case0228_001.png,case0228,001,284.562,95.97,134.394,199.916
case0155_001.png,case0155,001,99.60000000000001,116.392,137.008,119.56800000000001
case0158_005.png,case0158,005,195.816,147.96,91.368,94.254
case0019_003.png,case0019,003,80.99199999999999,242.712,223.38400000000001,173.384
case0191_002.png,case0191,002,262.582,246.18400000000003,46.458,42.438
case0120_001.png,case0120,001,262.193,226.599,120.619,169.60399999999998
case0120_001.png,case0120,001,205.401,124.589,78.39099999999999,99.80699999999999
case0120_001.png,case0120,001,100.18799999999999,188.37099999999998,109.599,203.015
case0092_006.png,case0092,006,204.786,95.194,47.204,75.79599999999999
case0064_006.png,case0064,006,95.282,64.14099999999999,277.69100000000003,350.53
case0267_003.png,case0267,003,173.0,31.112,189.39999999999998,297.64
case0267_003.png,case0267,003,49.232,308.76,144.448,145.824
case0122_002.png,case0122,002,121.0,255.0,251.0,160.0
case0261_004.png,case0261,004,145.864,285.416,181.576,128.672
case0132_005.png,case0132,005,171.054,187.537,143.966,131.812
case0176_002.png,case0176,002,70.517,176.28199999999998,163.34199999999998,152.248
case0049_002.png,case0049,002,251.01,291.396,105.193,91.0
case0051_003.png,case0051,003,177.0,87.0,87.0,65.0
case0170_001.png,case0170,001,268.0,15.0,164.0,276.0
case0170_001.png,case0170,001,175.0,109.0,74.0,152.0
case0233_003.png,case0233,003,123.75999999999999,255.56,115.61600000000001,161.95999999999998
case0189_008.png,case0189,008,54.576,69.416,301.288,115.024
case0068_003.png,case0068,003,236.304,107.43792,122.256,142.16
case0147_001.png,case0147,001,46.0,319.0,201.0,143.0
case0154_002.png,case0154,002,112.784,50.0,308.602,278.777
case0098_007.png,case0098,007,229.0,232.0,58.0,48.0
case0098_007.png,case0098,007,169.0,154.0,120.0,64.0
case0229_002.png,case0229,002,180.0,278.0,211.0,178.0
case0094_004.png,case0094,004,51.184000000000005,259.896,210.872,210.848
case0082_002.png,case0082,002,98.39099999999999,210.19299999999998,84.43100000000001,131.203
case0203_001.png,case0203,001,95.27798,77.56200000000001,108.02,254.642
case0158_001.png,case0158,001,209.92000000000002,136.552,122.304,98.488
case0018_001.png,case0018,001,204.401,214.782,49.807,85.822
case0136_002.png,case0136,002,276.0,66.0,64.0,73.0
case0056_002.png,case0056,002,192.204,179.388,19.602,22.02
case0056_002.png,case0056,002,283.53812,190.32626,37.876,46.428
case0063_008.png,case0063,008,133.928,251.72,215.352,145.536
case0100_004.png,case0100,004,186.06400000000002,256.12687999999997,96.84800000000001,93.96000000000001
case0184_003.png,case0184,003,233.184,245.576,218.28,232.912
case0276_001.png,case0276,001,235.61199999999997,1.408,107.83000000000001,186.264
case0010_001.png,case0010,001,280.208,124.599,133.787,97.203
case0094_003.png,case0094,003,222.282,65.53699999999999,209.349,190.275
case0082_003.png,case0082,003,209.45600000000002,217.52800000000002,176.432,136.288
case0203_002.png,case0203,002,117.0,28.0,212.0,154.0
case0208_001.png,case0208,001,170.401,114.406,52.995000000000005,71.193
case0034_005.png,case0034,005,259.726,192.756,120.1,100.06
case0098_006.png,case0098,006,214.349,236.48999999999998,68.953,62.416
case0189_007.png,case0189,007,79.0,42.0,163.0,165.0
case0081_007.png,case0081,007,161.351,257.594,157.293,117.456
case0068_004.png,case0068,004,243.81599999999997,96.40799999999999,106.776,133.766
case0092_007.png,case0092,007,206.392,79.0,67.8,161.976
case0280_001.png,case0280,001,253.39600000000002,182.797,47.797,46.198
case0261_003.png,case0261,003,106.48,265.976,272.592,183.30399999999997
case0253_001.png,case0253,001,67.02000000000001,195.401,171.223,277.188
case0132_004.png,case0132,004,150.188,188.584,162.114,153.926
case0176_001.png,case0176,001,61.943999999999996,138.28688,141.96800000000002,131.832
case0236_003.png,case0236,003,208.856,234.696,68.52000000000001,62.144000000000005
case0075_001.png,case0075,001,151.0,207.0,204.0,130.0
case0214_003.png,case0214,003,113.812,126.99,209.18800000000002,196.208
case0143_001.png,case0143,001,251.584,16.355999999999998,132.55,164.19400000000002
case0116_002.png,case0116,002,90.0,309.0,113.0,121.0
case0013_005.png,case0013,005,191.639,235.832,178.752,148.173
case0058_002.png,case0058,002,26.07144,67.944,237.008,329.32
case0101_001.png,case0101,001,13.421,3.599,324.554,206.767
case0222_006.png,case0222,006,125.0,146.0,238.0,268.0
case0222_006.png,case0222,006,252.0,145.0,112.0,260.0
case0068_001.png,case0068,001,230.928,80.184,146.8,173.288
case0258_001.png,case0258,001,141.69799999999998,137.39600000000002,68.65100000000001,108.255
case0258_001.png,case0258,001,263.141,134.18800000000002,63.161,109.463
case0009_001.png,case0009,001,211.93694,302.82202,134.478,107.518
case0274_001.png,case0274,001,69.0,43.0,261.0,233.0
case0274_001.png,case0274,001,273.0,284.0,80.0,128.0
case0274_001.png,case0274,001,341.0,165.0,71.0,116.0
case0017_001.png,case0017,001,258.53200000000004,187.0,184.444,115.358
case0161_002.png,case0161,002,211.0,119.0,35.0,55.0
case0099_004.png,case0099,004,180.88600000000002,223.28199999999998,117.832,74.83200000000001
case0278_001.png,case0278,001,103.93299999999999,160.49,124.832,143.624
case0163_002.png,case0163,002,56.0,186.0,98.0,111.0
case0178_003.png,case0178,003,268.432,16.16,119.16,91.96000000000001
case0273_003.png,case0273,003,201.16000000000003,229.112,82.168,38.96
case0242_001.png,case0242,001,191.14399999999998,62.04,194.51999999999998,178.968
case0169_001.png,case0169,001,114.174,161.17399999999998,57.264,81.846
case0169_001.png,case0169,001,325.348,171.95999999999998,49.08,90.458
case0137_003.png,case0137,003,220.0,237.0,116.0,71.0
case0225_001.png,case0225,001,171.0,150.0,45.0,44.0
case0225_001.png,case0225,001,263.0,139.0,48.0,59.0
case0097_006.png,case0097,006,252.95031999999998,216.976,81.328,110.584
case0021_001.png,case0021,001,194.599,166.797,93.40100000000001,67.39099999999999
case0070_010.png,case0070,010,270.0,282.0,26.0,50.0
case0234_003.png,case0234,003,267.5074,145.8656,43.458,58.408
case0071_006.png,case0071,006,248.49,94.027,122.71799999999999,118.295
case0016_003.png,case0016,003,162.651,13.0,91.953,134.094
case0241_001.png,case0241,001,190.416,389.34400000000005,138.608,81.448
case0141_002.png,case0141,002,220.792,62.42400000000001,164.456,145.784
case0201_001.png,case0201,001,195.04700000000003,216.839,87.369,92.85900000000001
case0068_007.png,case0068,007,221.0,94.0,163.0,142.0
case0012_006.png,case0012,006,247.812,83.188,111.386,144.817
case0088_001.png,case0088,001,20.624000000000002,74.808,119.31200000000001,207.848
case0117_003.png,case0117,003,242.19799999999998,314.995,33.802,62.01
case0113_001.png,case0113,001,114.184,183.59199999999998,34.816,36.01
case0149_003.png,case0149,003,91.60900000000001,166.43099999999998,136.183,188.168
case0159_001.png,case0159,001,146.589,145.802,119.321,82.39099999999999
case0279_004.png,case0279,004,168.599,185.411,197.599,240.584
case0092_003.png,case0092,003,192.203,101.173,89.40100000000001,107.42599999999999
case0055_002.png,case0055,002,216.64800000000002,276.952,45.424,43.12
case0093_004.png,case0093,004,237.80599999999998,289.38800000000003,93.622,118.29400000000001
case0082_006.png,case0082,006,68.0,189.0,156.0,139.0
case0100_009.png,case0100,009,204.792,262.094,69.51,71.0
case0170_003.png,case0170,003,201.238,12.599,259.158,425.57399999999996
case0177_004.png,case0177,004,192.98,134.725,78.624,61.879
case0193_001.png,case0193,001,195.005,402.401,82.39099999999999,74.19800000000001
case0193_001.png,case0193,001,175.80200000000002,276.99,124.188,97.213
case0251_005.png,case0251,005,105.992,51.392,242.99200000000002,261.848
case0151_004.png,case0151,004,257.6517,122.30208,61.468,108.896
case0187_003.png,case0187,003,293.49,195.584,115.765,180.389
case0222_001.png,case0222,001,113.07144,100.184,242.984,298.368
case0070_002.png,case0070,002,219.786,287.0,42.836,27.796
case0062_003.png,case0062,003,191.602,0.0,206.248,294.214
case0098_004.png,case0098,004,171.0,168.99,100.326,77.614
case0220_002.png,case0220,002,153.672,203.488,172.216,152.112
case0226_003.png,case0226,003,114.302,366.02700000000004,107.18799999999999,101.53
case0074_002.png,case0074,002,261.536,129.2,62.416,135.43200000000002
case0074_002.png,case0074,002,163.41768,115.29599999999999,86.904,158.32
case0222_004.png,case0222,004,116.51,100.953,251.094,320.188
case0100_017.png,case0100,017,200.27146,259.91938000000005,81.662,71.458
case0243_003.png,case0243,003,247.624,226.33543999999998,118.54400000000001,186.36800000000002
case0150_001.png,case0150,001,175.995,182.005,51.010000000000005,88.797
case0059_004.png,case0059,004,116.0,67.0,246.0,330.0
case0121_001.png,case0121,001,141.047,137.927,175.906,219.25400000000002
case0115_004.png,case0115,004,155.19299999999998,159.892,156.02,190.098
case0127_003.png,case0127,003,216.11200000000002,241.672,55.727999999999994,52.352000000000004
case0030_001.png,case0030,001,5.094,135.47,168.094,162.738
case0094_006.png,case0094,006,47.604,255.401,193.188,212.599
case0238_001.png,case0238,001,150.302,256.51,86.396,93.792
case0058_001.png,case0058,001,31.569,83.18299999999999,265.90500000000003,338.421
case0106_001.png,case0106,001,216.11200000000002,236.488,72.264,86.048
case0237_001.png,case0237,001,127.30199999999999,146.047,79.718,145.698
case0237_001.png,case0237,001,231.18800000000002,150.44299999999998,91.97300000000001,152.973
case0095_003.png,case0095,003,291.0,42.0,70.0,63.0
case0106_003.png,case0106,003,133.619,219.0,220.356,161.594
case0137_005.png,case0137,005,149.60999,106.411,202.594,265.975
case0060_003.png,case0060,003,179.01,174.812,131.584,105.411
case0194_004.png,case0194,004,83.233,61.807,218.351,201.797
case0117_002.png,case0117,002,239.349,243.39600000000002,40.604,60.208
case0047_002.png,case0047,002,266.0,322.0,41.0,40.0
case0199_001.png,case0199,001,54.0,353.0,179.0,125.0
case0199_001.png,case0199,001,264.0,142.0,127.0,180.0
case0199_001.png,case0199,001,96.0,142.0,120.0,172.0
case0097_004.png,case0097,004,192.401,240.213,83.19800000000001,122.975
case0097_004.png,case0097,004,179.496,156.19799999999998,150.895,105.599
case0132_007.png,case0132,007,208.0,162.0,89.0,114.0
case0056_001.png,case0056,001,294.32783,140.25082,78.906,129.671
case0056_001.png,case0056,001,151.55606,125.14984000000001,81.557,126.255
case0081_006.png,case0081,006,205.005,272.767,68.797,86.476
case0012_005.png,case0012,005,225.401,145.604,125.203,218.381
case0246_001.png,case0246,001,146.392,138.856,166.216,155.54399999999998
case0133_001.png,case0133,001,74.0,292.0,274.0,114.0
case0133_001.png,case0133,001,130.0,75.0,70.0,68.0
case0133_001.png,case0133,001,260.0,82.0,99.0,132.0
case0233_004.png,case0233,004,150.784,237.656,109.91999999999999,163.744
case0089_001.png,case0089,001,223.39600000000002,229.188,42.802,43.218
case0089_001.png,case0089,001,115.401,302.21299999999997,186.226,135.361
case0113_002.png,case0113,002,96.378,174.80599999999998,49.652,44.602000000000004
case0266_001.png,case0266,001,153.99944,221.392,238.67200000000003,205.33599999999998
case0025_001.png,case0025,001,84.599,253.61899999999997,236.053,175.376
case0043_004.png,case0043,004,126.235,108.49000000000001,239.208,118.604
case0050_004.png,case0050,004,187.223,255.183,122.371,123.416
case0051_004.png,case0051,004,160.19799999999998,83.99,82.822,67.411
case0100_010.png,case0100,010,202.164,229.204,76.244,70.214
case0055_001.png,case0055,001,220.0,279.0,51.0,31.0
case0125_002.png,case0125,002,46.303999999999995,0.256,361.992,413.44000000000005
case0164_002.png,case0164,002,235.488,271.744,35.816,67.28
case0092_004.png,case0092,004,211.906,112.094,76.34899999999999,96.255
case0132_006.png,case0132,006,169.611,194.81900000000002,137.013,130.738
case0239_004.png,case0239,004,125.68,88.632,232.52800000000002,233.488
case0269_001.png,case0269,001,198.93,102.20400000000001,63.304,90.02000000000001
case0251_003.png,case0251,003,143.198,102.213,189.589,216.752
case0274_002.png,case0274,002,84.2294,129.90067,326.92600000000004,234.11399999999998
case0170_002.png,case0170,002,276.25708,55.99878,168.578,193.44799999999998
case0093_001.png,case0093,001,287.3133,231.6617,103.80600000000001,76.44800000000001
case0158_003.png,case0158,003,244.582,159.59199999999998,85.03999999999999,84.816
case0070_001.png,case0070,001,197.386,276.762,73.43100000000001,61.035000000000004
case0052_001.png,case0052,001,150.599,147.609,99.208,69.792
case0187_001.png,case0187,001,285.368,148.488,31.936,62.72
case0228_003.png,case0228,003,294.75304,107.10643999999999,83.438,158.13
case0099_003.png,case0099,003,200.0,238.0,78.0,41.0
case0067_001.png,case0067,001,224.797,197.015,197.411,247.411
case0102_004.png,case0102,004,140.396,282.59202,105.203,79.807
case0098_001.png,case0098,001,220.19400000000002,241.99,60.019999999999996,37.418
case0275_001.png,case0275,001,32.0,155.0,127.0,159.0
case0275_001.png,case0275,001,350.0,221.0,95.0,117.0
case0275_001.png,case0275,001,220.0,136.0,48.0,176.0
case0084_002.png,case0084,002,290.40099999999995,397.203,48.400999999999996,45.400999999999996
case0045_005.png,case0045,005,121.696,268.416,73.352,57.888000000000005
case0031_003.png,case0031,003,242.328,233.18400000000003,149.986,107.458
case0049_001.png,case0049,001,197.68800000000002,248.368,172.992,163.792
case0222_005.png,case0222,005,109.09749,143.839,165.88,270.51
case0183_001.png,case0183,001,169.52056000000002,248.136,221.22400000000002,205.776
case0033_003.png,case0033,003,172.0,251.0,60.0,56.0
case0086_002.png,case0086,002,151.42699,251.812,183.381,137.193
case0178_001.png,case0178,001,240.0,143.0,76.0,85.0
case0219_002.png,case0219,002,83.97,201.0,80.0,88.0
case0128_002.png,case0128,002,62.53414000000001,178.1886,145.09,129.234
case0250_005.png,case0250,005,208.047,15.349,42.557,40.349
case0250_005.png,case0250,005,213.698,230.745,25.255000000000003,28.906
case0250_005.png,case0250,005,106.396,143.094,29.557000000000002,29.114
case0023_001.png,case0023,001,174.797,23.203,69.792,92.416
case0135_004.png,case0135,004,160.0,202.0,131.0,96.0
case0012_001.png,case0012,001,258.8509,77.61762,124.28399999999999,231.78199999999998
case0030_002.png,case0030,002,134.53544,201.19144,212.64000000000001,140.496
case0219_005.png,case0219,005,73.631,122.745,81.161,153.51
case0186_001.png,case0186,001,163.55700000000002,0.0,152.443,44.0
case0160_001.png,case0160,001,120.0,295.0,76.0,65.0
case0160_001.png,case0160,001,121.0,90.0,67.0,82.0
case0160_001.png,case0160,001,261.0,95.0,68.0,75.0
case0160_001.png,case0160,001,265.0,282.0,67.0,77.0
case0106_002.png,case0106,002,216.67200000000003,233.952,62.42400000000001,76.584
case0124_001.png,case0124,001,105.14099999999999,222.047,80.02,154.0
case0124_001.png,case0124,001,287.188,231.255,85.973,151.349
case0233_002.png,case0233,002,304.401,150.005,133.406,209.96499999999997
case0045_003.png,case0045,003,301.839,244.839,81.812,86.53
case0060_002.png,case0060,002,175.594,119.59400000000001,119.426,142.594
case0016_004.png,case0016,004,133.094,0.04699999999999993,126.463,156.906
case0190_002.png,case0190,002,95.604,138.802,218.03300000000002,153.995
case0043_002.png,case0043,002,275.024,148.256,74.536,190.48000000000002
case0043_002.png,case0043,002,109.112,100.93599999999999,109.96000000000001,283.616
case0100_005.png,case0100,005,184.52800000000002,254.344,102.968,84.24
case0184_004.png,case0184,004,225.604,228.349,184.792,252.255
case0054_001.png,case0054,001,224.0,268.744,43.512,23.768
case0100_001.png,case0100,001,216.0,282.0,48.0,43.0
case0240_006.png,case0240,006,127.89,310.02,193.19,128.368
case0108_001.png,case0108,001,184.89488000000003,226.952,117.68,82.192
case0229_001.png,case0229,001,205.80700000000002,290.594,155.594,107.797
case0010_002.png,case0010,002,292.0,142.0,76.0,71.0
case0014_003.png,case0014,003,242.832,328.44,83.336,79.328
case0019_001.png,case0019,001,269.99,279.77599999999995,97.83600000000001,58.04
case0035_001.png,case0035,001,138.80700000000002,187.01999999999998,203.579,139.98000000000002
case0097_003.png,case0097,003,186.786,269.19399999999996,96.254,70.214
case0232_001.png,case0232,001,188.48424,186.0498,96.518,115.22399999999999
case0064_004.png,case0064,004,101.0,70.0,258.0,351.0
case0164_005.png,case0164,005,249.81599999999997,19.552,163.776,450.08
case0175_002.png,case0175,002,200.248,102.696,168.776,194.83999999999997
case0151_002.png,case0151,002,131.0,138.0,94.0,74.0
case0122_001.png,case0122,001,256.401,182.155,122.178,264.44899999999996
case0122_001.png,case0122,001,155.0,266.06,98.40100000000001,118.84700000000001
case0255_003.png,case0255,003,329.0,49.0,100.0,76.0
case0028_001.png,case0028,001,77.401,83.411,331.584,139.238
case0062_004.png,case0062,004,192.203,2.2030000000000003,252.37099999999998,312.376
case0220_001.png,case0220,001,215.0,214.0,37.0,32.0
case0174_005.png,case0174,005,192.0,224.0,93.0,75.0
case0174_005.png,case0174,005,331.0,226.0,65.0,125.0
case0112_001.png,case0112,001,266.552,237.272,98.84800000000001,80.848
case0209_003.png,case0209,003,191.97,225.95,69.07,65.672
case0251_006.png,case0251,006,122.174,24.562,206.234,223.458
case0019_002.png,case0019,002,79.84783999999999,271.63263,145.416,153.765
case0019_002.png,case0019,002,209.39600000000002,91.007,114.65100000000001,105.04
case0019_002.png,case0019,002,246.094,336.094,47.027,82.906
case0047_004.png,case0047,004,263.32,139.464,70.384,86.448
case0082_005.png,case0082,005,77.51934,184.08532,113.548,176.906
case0093_005.png,case0093,005,292.411,271.005,122.77199999999999,88.386
case0213_001.png,case0213,001,200.0,235.0,68.0,34.0
case0176_003.png,case0176,003,116.386,166.594,105.035,101.842
case0254_003.png,case0254,003,84.0,182.0,79.0,80.0
case0221_002.png,case0221,002,4.0,100.34400000000001,266.81600000000003,169.432
case0226_002.png,case0226,002,70.928,269.392,175.192,196.88799999999998
case0161_003.png,case0161,003,204.97000000000003,107.99000000000001,49.06,63.82599999999999
case0019_004.png,case0019,004,100.782,254.624,150.654,174.97
case0103_002.png,case0103,002,212.378,186.368,63.632000000000005,45.244
case0027_001.png,case0027,001,228.0,234.0,61.0,49.0
case0243_004.png,case0243,004,254.0,189.0,120.0,244.0
case0212_004.png,case0212,004,261.0,194.0,105.0,94.0
case0212_004.png,case0212,004,127.0,195.0,78.0,85.0
case0080_006.png,case0080,006,215.45600000000002,218.203,80.732,55.396
case0273_004.png,case0273,004,78.0,72.0,74.0,56.0
case0273_004.png,case0273,004,316.0,70.0,76.0,40.0
case0273_004.png,case0273,004,208.0,277.0,70.0,41.0
case0070_006.png,case0070,006,213.79200000000003,331.0,22.698,49.349000000000004
case0070_009.png,case0070,009,257.44,274.976,25.096,35.048
case0115_005.png,case0115,005,150.17399999999998,132.368,64.234,78.826
case0129_001.png,case0129,001,127.256,85.904,234.536,182.95999999999998
case0114_002.png,case0114,002,348.0,299.0,43.0,53.0
case0241_002.png,case0241,002,404.0,168.0,72.0,106.0
case0234_002.png,case0234,002,194.0,258.0,66.0,33.0
case0188_005.png,case0188,005,47.0,6.0,187.0,400.0
case0185_008.png,case0185,008,273.198,66.60900000000001,107.19300000000001,130.183
case0064_007.png,case0064,007,92.60900000000001,57.812,208.469,376.564
case0064_009.png,case0064,009,109.98602,53.56598,273.06,240.76600000000002
case0066_001.png,case0066,001,124.0,325.0,85.0,78.0
case0051_005.png,case0051,005,168.786,82.388,81.03999999999999,64.418
case0211_003.png,case0211,003,176.0,171.0,48.0,63.0
case0211_003.png,case0211,003,261.0,171.0,55.0,81.0
case0119_001.png,case0119,001,267.094,173.235,31.859,38.765
case0119_001.png,case0119,001,183.047,167.443,32.812,36.369
case0060_004.png,case0060,004,178.005,176.797,134.589,124.619
case0211_002.png,case0211,002,252.188,164.792,78.06700000000001,80.114
case0016_001.png,case0016,001,117.025,61.198,125.381,190.203
case0004_003.png,case0004,003,169.572,241.562,104.06,79.856
case0141_003.png,case0141,003,234.725,98.188,92.389,106.013
case0038_001.png,case0038,001,139.39600000000002,125.604,54.406000000000006,99.614
case0038_001.png,case0038,001,274.188,150.178,51.807,80.624
case0188_006.png,case0188,006,91.005,15.406,141.995,199.599
case0188_006.png,case0188,006,172.0,333.807,36.792,33.193
case0188_006.png,case0188,006,58.01,368.61400000000003,63.188,58.97
case0188_006.png,case0188,006,123.60400000000001,222.406,34.787,31.782000000000004
case0042_001.png,case0042,001,143.574,198.599,71.827,65.0
case0042_001.png,case0042,001,272.99,203.609,159.885,71.386
case0070_008.png,case0070,008,274.786,272.96999999999997,50.264,55.438
case0004_006.png,case0004,006,160.61599999999999,246.088,136.344,107.40799999999999
case0115_006.png,case0115,006,150.0,168.0,42.0,42.0
case0021_002.png,case0021,002,221.0,162.0,34.0,73.0
case0097_005.png,case0097,005,250.71537999999998,234.96694,95.866,93.274
case0080_001.png,case0080,001,156.0,192.0,48.0,61.0
case0080_001.png,case0080,001,269.0,194.0,49.0,64.0
case0137_004.png,case0137,004,219.406,187.411,73.995,77.584
case0070_007.png,case0070,007,214.0,292.0,32.0,86.0
case0099_005.png,case0099,005,182.50400000000002,199.78400000000002,116.89600000000002,79.568
case0112_002.png,case0112,002,279.698,232.839,79.69800000000001,75.161
case0173_002.png,case0173,002,171.99306,157.89632,55.44799999999999,67.03999999999999
case0027_002.png,case0027,002,232.344,224.904,80.128,64.19200000000001
case0179_003.png,case0179,003,80.0,158.0,62.0,56.0
case0179_003.png,case0179,003,257.0,289.0,135.0,141.0
case0273_005.png,case0273,005,208.0,270.0,59.0,37.0
case0020_002.png,case0020,002,292.204,18.387999999999998,103.274,89.428
case0262_001.png,case0262,001,197.0,271.0,44.0,51.0
case0277_001.png,case0277,001,140.745,4.0,122.208,124.14099999999999
case0104_001.png,case0104,001,205.10309,195.91346,157.389,119.134
case0066_002.png,case0066,002,127.0,304.0,53.0,42.0
case0087_003.png,case0087,003,176.25599999999997,179.76799999999997,32.72,83.024
case0087_003.png,case0087,003,278.84,185.976,37.160000000000004,81.656
case0260_001.png,case0260,001,283.14099999999996,282.141,100.255,85.416
case0260_001.png,case0260,001,136.933,284.094,78.53,94.14099999999999
case0260_001.png,case0260,001,142.745,211.49,23.208000000000002,27.114
case0031_001.png,case0031,001,166.736,287.808,130.48000000000002,107.544
case0093_006.png,case0093,006,232.406,255.60399999999998,108.787,89.787
case0263_002.png,case0263,002,194.0,222.0,42.0,44.0
case0263_002.png,case0263,002,252.0,215.0,35.0,48.0
case0145_001.png,case0145,001,130.396,332.443,30.859,30.161
case0145_001.png,case0145,001,300.396,324.839,26.463,24.322
case0013_004.png,case0013,004,164.446,227.421,227.336,176.98000000000002
case0214_001.png,case0214,001,44.532,78.348,241.518,226.65200000000002
case0174_004.png,case0174,004,274.11199999999997,105.34400000000001,147.51999999999998,233.01600000000002
case0209_004.png,case0209,004,192.368,219.976,80.19200000000001,75.792
case0072_001.png,case0072,001,186.36800000000002,264.13599999999997,77.19200000000001,59.584
case0191_001.png,case0191,001,252.97,316.98,54.642,50.468
case0198_001.png,case0198,001,122.0,231.0,54.0,78.0
case0097_002.png,case0097,002,186.582,263.592,87.03,77.02000000000001
case0146_001.png,case0146,001,293.745,332.094,38.443,34.812
case0146_001.png,case0146,001,116.725,321.886,75.785,39.765
case0146_001.png,case0146,001,254.79199999999997,175.906,79.02000000000001,82.36200000000001
case0164_004.png,case0164,004,233.005,2.401,155.401,223.995
case0088_004.png,case0088,004,57.967999999999996,0.00744,151.28,386.44
case0064_005.png,case0064,005,100.0,58.0,264.0,358.0
case0175_003.png,case0175,003,91.0,83.0,113.0,235.0
case0151_001.png,case0151,001,273.0,145.0,31.0,49.0
case0255_002.png,case0255,002,328.56687999999997,47.585119999999996,99.33600000000001,96.88799999999999
case0068_005.png,case0068,005,232.59256,22.863999999999997,198.51999999999998,222.864
case0041_001.png,case0041,001,111.255,196.235,253.235,193.416
case0168_001.png,case0168,001,117.0,404.0,267.0,68.0
case0168_001.png,case0168,001,212.0,341.0,39.0,55.0
case0168_001.png,case0168,001,93.0,126.0,304.0,171.0
case0168_001.png,case0168,001,183.0,71.0,75.0,47.0
case0035_002.png,case0035,002,126.0,214.0,192.0,105.0
case0005_001.png,case0005,001,148.648,161.208,112.816,112.304
case0048_003.png,case0048,003,249.839,116.161,113.906,145.859
case0117_001.png,case0117,001,220.97000000000003,290.398,35.641999999999996,35.03
case0082_001.png,case0082,001,90.188,192.69799999999998,100.604,175.34199999999998
case0240_005.png,case0240,005,169.546,269.589,237.875,61.217999999999996
case0006_002.png,case0006,002,177.168,291.349,47.785000000000004,27.953000000000003
case0094_002.png,case0094,002,48.608999999999995,229.431,204.584,243.356
case0136_001.png,case0136,001,305.401,264.599,47.0,51.792
case0190_001.png,case0190,001,102.396,156.01,215.038,147.416
case0043_001.png,case0043,001,254.69379999999998,132.64147,94.027,224.46300000000002
case0043_001.png,case0043,001,116.01394,238.4057,89.215,134.49099999999999
case0100_006.png,case0100,006,200.34900000000002,254.53699999999998,69.953,86.624
case0184_005.png,case0184,005,201.04000000000002,117.72900000000001,229.39600000000002,359.068
case0100_002.png,case0100,002,225.0,274.0,42.0,46.0
case0130_005.png,case0130,005,202.203,277.589,93.584,74.223
case0081_001.png,case0081,001,208.0,262.0,57.0,124.0
case0034_002.png,case0034,002,187.0,259.094,138.584,149.208
case0085_001.png,case0085,001,186.398,154.97,113.244,90.478
case0211_005.png,case0211,005,265.272,153.488,82.664,104.352
case0045_002.png,case0045,002,273.443,107.074,133.04,167.973
case0060_001.png,case0060,001,179.80700000000002,142.604,105.797,102.188
case0077_001.png,case0077,001,34.0,306.0,419.0,156.0
case0106_004.png,case0106,004,146.16,213.928,201.12,163.98399999999998
case0219_006.png,case0219,006,249.094,300.396,26.208000000000002,28.255000000000003
case0219_006.png,case0219,006,229.094,127.215,27.161,77.691
case0219_006.png,case0219,006,213.745,299.443,17.208,21.114
case0131_001.png,case0131,001,159.298,14.391,260.509,310.296
case0127_001.png,case0127,001,148.0,154.0,61.0,121.0
case0127_001.png,case0127,001,248.0,150.0,65.0,123.0
case0086_001.png,case0086,001,145.86,278.358,209.668,133.886
case0219_001.png,case0219,001,27.631,140.517,145.832,156.91899999999998
case0059_003.png,case0059,003,99.456,46.784,278.736,377.8
case0128_001.png,case0128,001,127.94399999999999,265.904,94.19999999999999,97.704
case0073_001.png,case0073,001,58.20744,8.952,383.896,465.32800000000003
case0250_004.png,case0250,004,380.0,249.0,22.0,22.0
case0250_004.png,case0250,004,80.0,168.0,46.0,36.0
case0086_003.png,case0086,003,301.995,144.772,152.406,174.03500000000003
case0184_001.png,case0184,001,249.19144,277.416,202.304,199.56
case0184_001.png,case0184,001,173.672,94.44000000000001,69.608,71.048
case0135_003.png,case0135,003,175.562,233.214,107.89599999999999,90.99
case0236_002.png,case0236,002,131.928,141.0,97.14399999999999,97.792
case0236_002.png,case0236,002,214.44,308.64799999999997,63.400000000000006,54.656000000000006
case0217_002.png,case0217,002,21.0,20.0,188.0,424.0
case0217_002.png,case0217,002,266.0,15.0,187.0,440.0
case0243_001.png,case0243,001,259.381,236.94,104.619,197.649
case0105_001.png,case0105,001,149.808,228.16,68.104,61.68000000000001
case0036_002.png,case0036,002,232.015,28.411,189.792,432.787
case0245_001.png,case0245,001,82.52799999999999,232.808,161.24,175.192
case0031_002.png,case0031,002,157.203,201.60399999999998,167.594,130.198
case0183_002.png,case0183,002,194.0,246.0,205.0,183.0
case0153_001.png,case0153,001,28.0,28.0,432.0,332.0
case0268_004.png,case0268,004,197.55200000000002,183.88,94.45599999999999,115.75200000000001
case0099_002.png,case0099,002,192.97,226.368,90.458,53.846000000000004
case0004_004.png,case0004,004,162.48,226.856,126.992,104.776
case0144_001.png,case0144,001,181.0,334.0,41.0,20.0
case0102_003.png,case0102,003,155.005,279.396,97.792,87.589
case0176_005.png,case0176,005,108.406,146.86700000000002,212.341,172.524
case0098_002.png,case0098,002,180.204,158.766,131.806,134.274
case0275_002.png,case0275,002,83.78200000000001,37.341,191.04500000000002,154.238
case0248_001.png,case0248,001,104.22800000000001,3.396,258.158,314.178
case0158_004.png,case0158,004,195.60399999999998,158.173,92.0,168.248
case0155_002.png,case0155,002,91.0,93.0,121.0,152.0
case0051_007.png,case0051,007,139.992,198.80800000000002,106.96799999999999,107.31199999999998
case0187_002.png,case0187,002,100.36800000000001,304.928,294.776,148.376
case0142_001.png,case0142,001,187.80700000000002,286.406,117.376,115.381
case0098_005.png,case0098,005,170.672,153.02232,144.12,74.84
case0143_003.png,case0143,003,210.14344,10.672,177.48,187.98399999999998
case0228_004.png,case0228,004,289.406,148.519,108.441,208.862
case0251_004.png,case0251,004,152.193,106.208,195.619,205.589
case0093_002.png,case0093,002,246.208,296.401,92.985,99.604
case0125_001.png,case0125,001,37.0,110.0,386.0,253.0
case0164_001.png,case0164,001,244.612,22.194,187.07,414.418
case0092_005.png,case0092,005,190.19299999999998,104.792,88.614,98.812
case0159_002.png,case0159,002,160.80200000000002,161.401,53.797,84.19800000000001
case0159_002.png,case0159,002,257.0,163.599,63.99,94.78200000000001
case0011_001.png,case0011,001,106.0,307.0,41.0,40.0
case0149_001.png,case0149,001,195.01,71.604,156.985,112.19800000000001
case0100_011.png,case0100,011,199.047,212.49,78.953,89.765
case0089_002.png,case0089,002,198.0,228.0,50.0,44.0
case0089_002.png,case0089,002,122.0,300.0,79.0,140.0
case0089_002.png,case0089,002,268.0,303.0,73.0,112.0
case0189_005.png,case0189,005,138.572,106.696,53.233999999999995,121.31400000000001
case0043_003.png,case0043,003,127.74499999999999,161.886,58.161,173.188
case0043_003.png,case0043,003,277.6524,151.3169,70.624,189.624
case0009_002.png,case0009,002,148.12,260.86,246.0,245.0
case0009_002.png,case0009,002,105.0,192.0,74.0,77.0
case0009_002.png,case0009,002,255.0,195.0,77.0,68.0
case0081_005.png,case0081,005,190.411,262.381,81.411,61.852
case0012_004.png,case0012,004,266.416,156.11200000000002,105.21600000000001,207.96
case0233_005.png,case0233,005,112.71018000000001,132.8405,135.274,216.29399999999998
case0191_004.png,case0191,004,257.094,310.349,55.557,58.953
case0257_001.png,case0257,001,291.396,192.396,112.574,96.045
case0162_003.png,case0162,003,167.76,192.64800000000002,137.36,93.936
case0201_002.png,case0201,002,195.45,158.44299999999998,153.597,71.765
case0265_001.png,case0265,001,195.04700000000003,284.698,66.309,82.651
case0219_003.png,case0219,003,97.886,196.584,82.718,86.51
case0240_004.png,case0240,004,107.856,159.856,265.168,158.88799999999998
case0032_001.png,case0032,001,312.0,214.0,98.0,84.0
case0184_006.png,case0184,006,171.614,40.792,256.99,218.39100000000002
case0026_001.png,case0026,001,221.144,193.612,126.946,146.388
case0136_004.png,case0136,004,260.256,70.88,102.584,110.376
case0276_004.png,case0276,004,115.2,41.576,128.01600000000002,119.33600000000001
case0190_003.png,case0190,003,73.0,69.0,335.0,397.0
case0100_003.png,case0100,003,227.0,278.0,41.0,32.0
case0048_002.png,case0048,002,244.906,115.416,110.49,139.423
case0185_005.png,case0185,005,244.58749,33.520509999999994,155.899,219.952
case0203_003.png,case0203,003,54.443,32.557,192.765,300.188
case0100_013.png,case0100,013,264.802,199.208,81.97999999999999,81.589
case0094_001.png,case0094,001,72.124,267.378,163.478,182.518
case0014_002.png,case0014,002,242.381,326.198,81.025,73.827
case0154_001.png,case0154,001,83.0,51.0,354.0,156.0
case0069_002.png,case0069,002,303.194,257.572,106.458,103.478
case0081_003.png,case0081,003,276.619,198.376,123.98,134.624
case0110_002.png,case0110,002,91.49000000000001,380.79200000000003,80.0,74.718
case0110_002.png,case0110,002,136.39600000000002,21.631,62.396,71.0
case0157_002.png,case0157,002,104.224,292.856,143.336,132.12
case0018_003.png,case0018,003,221.904,197.952,39.68,33.352000000000004
case0197_003.png,case0197,003,56.0,206.0,328.0,264.0
case0189_001.png,case0189,001,108.60304,25.492400000000004,147.05599999999998,316.888
case0053_003.png,case0053,003,277.584,127.304,61.623999999999995,92.08800000000001
case0053_003.png,case0053,003,196.344,203.0,77.8,87.352
case0053_003.png,case0053,003,163.28,118.68,63.784,77.60000000000001
case0134_001.png,case0134,001,239.0,83.0,119.0,241.0
case0134_001.png,case0134,001,128.0,80.0,108.0,225.0
case0041_003.png,case0041,003,98.766,202.40800000000002,280.722,209.766
case0181_001.png,case0181,001,123.93299999999999,270.678,213.04000000000002,125.436
case0007_002.png,case0007,002,179.624,38.904,102.10399999999998,408.91200000000003
case0218_001.png,case0218,001,374.11199999999997,272.18399999999997,54.215999999999994,44.12
case0264_001.png,case0264,001,154.0,138.0,74.0,142.0
case0264_001.png,case0264,001,269.0,146.0,82.0,141.0
case0255_001.png,case0255,001,341.797,50.0,90.19800000000001,81.589
case0022_002.png,case0022,002,211.985,137.792,59.421,194.386
case0034_001.png,case0034,001,186.368,269.746,141.254,146.652
case0198_002.png,case0198,002,124.00999999999999,217.20299999999997,64.579,83.40100000000001
case0281_002.png,case0281,002,258.90168000000006,212.784,123.84800000000001,183.104
case0116_003.png,case0116,003,108.0,281.0,106.0,121.0
case0013_003.png,case0013,003,133.807,236.827,257.183,204.37099999999998
case0110_001.png,case0110,001,204.39600000000002,142.0,27.005000000000003,30.802
case0110_001.png,case0110,001,239.19299999999998,125.797,27.208,38.203
case0110_001.png,case0110,001,182.589,86.599,34.608999999999995,25.604
case0174_003.png,case0174,003,271.604,70.604,141.37099999999998,217.85
case0209_002.png,case0209,002,189.358,227.38799999999998,63.04,65.622
case0065_003.png,case0065,003,119.572,82.388,94.23400000000001,103.80600000000001
case0053_002.png,case0053,002,160.0,91.0,83.0,154.0
case0053_002.png,case0053,002,268.0,94.0,69.0,163.0
case0053_002.png,case0053,002,321.0,282.0,27.0,40.0
case0213_003.png,case0213,003,195.0,218.0,61.0,84.0
case0063_004.png,case0063,004,97.01,259.0,220.0,126.0
case0254_002.png,case0254,002,39.8256,106.96528,127.33600000000001,209.088
case0262_002.png,case0262,002,179.14100000000002,252.537,98.27499999999999,111.02
case0277_002.png,case0277,002,149.19400000000002,1.3980000000000001,124.214,129.786
case0103_001.png,case0103,001,206.599,170.995,73.594,60.208
case0107_001.png,case0107,001,25.976,33.730560000000004,369.504,431.544
case0085_004.png,case0085,004,172.792,196.594,123.22300000000001,116.21799999999999
case0091_005.png,case0091,005,135.244,160.284,113.378,138.43200000000002
case0073_003.png,case0073,003,106.59255999999999,57.41544,148.312,329.848
case0234_001.png,case0234,001,239.488,96.16000000000001,109.072,316.352
case0141_004.png,case0141,004,199.43207999999998,31.80724,174.244,240.722
case0241_003.png,case0241,003,163.184,390.456,162.87199999999999,84.616
case0020_003.png,case0020,003,260.66200000000003,18.592,119.22399999999999,113.438
case0215_003.png,case0215,003,146.582,237.582,76.428,76.836
case0139_002.png,case0139,002,216.698,269.235,70.161,69.691
case0102_009.png,case0102,009,295.698,249.53699999999998,80.765,66.02000000000001
case0211_001.png,case0211,001,246.0,162.0,88.0,92.0
case0211_001.png,case0211,001,55.0,280.0,381.0,193.0
case0240_003.png,case0240,003,136.953,141.49,93.047,144.208
case0240_003.png,case0240,003,251.745,133.188,103.50999999999999,148.906
case0069_004.png,case0069,004,301.77182,55.04868,62.856,86.856
case0235_001.png,case0235,001,204.11200000000002,263.15999999999997,64.75200000000001,59.376000000000005
case0162_002.png,case0162,002,261.599,283.599,57.010000000000005,77.396
case0162_002.png,case0162,002,189.674,196.01,103.128,75.381
case0270_002.png,case0270,002,136.05831999999998,7.206860000000001,308.072,428.04999999999995
case0012_003.png,case0012,003,236.744,133.70456000000001,139.096,253.04000000000002
case0167_001.png,case0167,001,197.368,222.55200000000002,87.468,73.46799999999999
case0064_001.png,case0064,001,79.00999999999999,31.613999999999997,233.226,430.346
case0041_007.png,case0041,007,119.0,208.338,254.98000000000002,164.876
case0191_005.png,case0191,005,254.786,319.98,60.224,56.816
case0080_004.png,case0080,004,156.0,194.0,52.0,73.0
case0080_004.png,case0080,004,268.0,200.0,52.0,70.0
case0189_003.png,case0189,003,91.70344000000001,68.024,187.36800000000002,260.312
case0227_001.png,case0227,001,156.70600000000002,58.92,149.17000000000002,187.936
case0108_002.png,case0108,002,218.0,207.0,42.0,28.0
case0098_009.png,case0098,009,163.0,166.0,53.0,64.0
case0098_009.png,case0098,009,235.0,170.0,49.0,51.0
case0161_005.png,case0161,005,204.0,94.0,64.0,86.0
case0079_002.png,case0079,002,237.416,12.411000000000001,181.163,392.772
case0198_006.png,case0198,006,136.802,222.401,38.401,60.406
case0024_002.png,case0024,002,175.584,103.604,154.624,115.90599999999999
case0059_006.png,case0059,006,248.0,166.0,113.0,211.0
case0059_006.png,case0059,006,82.0,218.0,133.0,145.0
case0047_007.png,case0047,007,247.19799999999998,130.599,74.40100000000001,83.59899999999999
case0279_001.png,case0279,001,226.208,182.827,203.777,235.33100000000002
case0063_006.png,case0063,006,125.184,269.328,219.328,125.44
case0251_001.png,case0251,001,139.208,113.797,179.188,200.99
case0239_001.png,case0239,001,235.33494,135.47361999999998,169.926,212.13
case0146_003.png,case0146,003,273.0,334.0,95.0,86.0
case0146_003.png,case0146,003,264.0,66.0,108.0,212.0
case0146_003.png,case0146,003,124.0,315.0,90.0,96.0
case0146_003.png,case0146,003,110.0,88.0,106.0,178.0
case0126_001.png,case0126,001,292.381,99.614,52.421,244.965
case0126_001.png,case0126,001,139.401,97.619,53.629,247.96
case0161_001.png,case0161,001,184.198,117.40100000000001,75.208,127.812
case0177_001.png,case0177,001,260.0,174.0,43.0,33.0
case0100_007.png,case0100,007,204.396,265.933,65.161,87.832
case0076_001.png,case0076,001,287.01,203.401,115.39099999999999,120.60900000000001
case0052_003.png,case0052,003,207.0,110.0,62.0,48.0
case0097_001.png,case0097,001,200.08800000000002,252.928,75.776,74.144
case0268_002.png,case0268,002,152.22456,179.136,144.984,135.24
case0067_003.png,case0067,003,242.69799999999998,225.69799999999998,121.906,118.34899999999999
case0099_007.png,case0099,007,191.401,214.20299999999997,103.80699999999999,61.391
case0183_003.png,case0183,003,133.514,241.97500000000002,213.56900000000002,223.04000000000002
case0135_006.png,case0135,006,173.368,193.62400000000002,124.56800000000001,97.752
case0071_005.png,case0071,005,250.792,253.63099999999997,112.785,121.087
case0179_002.png,case0179,002,287.047,302.282,102.53,102.483
case0150_004.png,case0150,004,168.648,163.672,45.727999999999994,124.168
case0250_003.png,case0250,003,346.188,241.198,82.223,71.837
case0250_003.png,case0250,003,56.015,116.406,93.782,188.464
case0138_001.png,case0138,001,193.141,264.39599999999996,70.369,46.953
case0043_005.png,case0043,005,127.59899999999999,163.0,65.203,164.376
case0043_005.png,case0043,005,267.787,148.60399999999998,80.005,169.15800000000002
case0051_008.png,case0051,008,175.572,173.0,62.233999999999995,78.214
case0091_002.png,case0091,002,138.368,184.19400000000002,106.438,93.612
case0131_002.png,case0131,002,234.584,65.0,117.40100000000001,165.812
case0271_003.png,case0271,003,222.416,289.976,58.44800000000001,62.56
case0205_002.png,case0205,002,102.808,131.648,116.56800000000001,115.54400000000001
case0237_005.png,case0237,005,206.864,141.928,111.856,140.144
case0062_001.png,case0062,001,175.426,2.7969999999999997,282.168,473.599
case0124_003.png,case0124,003,166.416,301.952,149.376,72.072
case0045_004.png,case0045,004,286.488,272.15999999999997,68.28800000000001,77.632
case0239_005.png,case0239,005,113.952,109.136,250.584,274.216
case0194_003.png,case0194,003,116.672,1.0,312.912,326.416
case0223_002.png,case0223,002,105.416,270.787,269.95500000000004,138.599
case0009_004.png,case0009,004,184.59199999999998,206.38004,118.03,104.23400000000001
case0194_002.png,case0194,002,56.53996,104.57404,252.846,189.428
case0093_007.png,case0093,007,249.816,316.976,102.096,82.56
case0099_009.png,case0099,009,204.25799999999998,199.599,90.737,75.396
case0124_002.png,case0124,002,171.594,289.005,149.386,61.396
case0124_002.png,case0124,002,190.60399999999998,113.406,94.589,41.995
case0100_012.png,case0100,012,215.97000000000003,238.39799999999997,55.254,57.632
case0015_002.png,case0015,002,272.599,223.01,54.400999999999996,100.396
case0015_002.png,case0015,002,156.80700000000002,226.19799999999998,59.797000000000004,96.60400000000001
case0123_002.png,case0123,002,179.17399999999998,251.224,105.43799999999999,79.632
case0040_001.png,case0040,001,182.0,143.0,132.0,131.0
case0040_001.png,case0040,001,305.0,182.0,140.0,141.0
case0040_001.png,case0040,001,48.0,159.0,129.0,168.0
case0156_001.png,case0156,001,150.0,181.0,164.0,85.0
case0148_002.png,case0148,002,186.0,246.0,85.0,57.0
case0237_004.png,case0237,004,105.0,138.0,229.0,144.0
case0161_004.png,case0161,004,141.0,86.0,93.0,71.0
case0119_002.png,case0119,002,154.0,157.0,162.0,83.0
case0102_007.png,case0102,007,135.0,254.0,105.0,71.0
case0115_003.png,case0115,003,122.85015999999999,167.49099999999999,235.584,215.71699999999998
case0091_001.png,case0091,001,89.56,119.976,165.72,227.28
case0061_002.png,case0061,002,180.39999999999998,21.088,193.21599999999998,360.52
case0219_004.png,case0219,004,178.98203999999998,180.244,123.44800000000001,141.144
case0271_002.png,case0271,002,219.78199999999998,278.589,57.441,55.609
case0096_002.png,case0096,002,156.0,266.0,167.0,78.0
case0096_002.png,case0096,002,178.0,142.0,111.0,40.0
case0128_003.png,case0128,003,254.698,276.349,111.745,109.255
case0128_003.png,case0128,003,263.557,57.584,93.49000000000001,120.067
case0128_003.png,case0128,003,123.69800000000001,272.953,61.221999999999994,96.24199999999999
case0250_002.png,case0250,002,81.20400000000001,179.796,19.0,24.009999999999998
case0118_001.png,case0118,001,89.86,249.99,301.0,123.0
case0007_001.png,case0007,001,190.80295,51.182649999999995,72.34899999999999,396.114
case0075_006.png,case0075,006,153.0,230.0,142.0,102.0
case0135_005.png,case0135,005,160.32,189.62400000000002,150.264,102.984
case0179_001.png,case0179,001,223.43099999999998,156.09,214.38100000000003,290.103
case0259_001.png,case0259,001,257.443,186.953,57.302,132.161
case0259_001.png,case0259,001,158.215,176.537,63.926,129.416
case0063_001.png,case0063,001,154.725,248.497,169.59699999999998,165.946
case0102_005.png,case0102,005,133.016,285.15999999999997,112.54400000000001,87.264
case0268_003.png,case0268,003,175.243,144.451,123.168,180.89999999999998
case0067_002.png,case0067,002,258.58374000000003,202.67476,172.07,215.87599999999998
case0144_002.png,case0144,002,140.198,154.401,189.0,193.594
case0084_001.png,case0084,001,132.76600000000002,42.775999999999996,76.05,69.244
case0075_002.png,case0075,002,140.0,185.0,72.0,169.0
case0075_002.png,case0075,002,286.0,175.0,83.0,192.0
case0076_002.png,case0076,002,191.64800000000002,214.72,171.656,125.304
case0197_001.png,case0197,001,72.4833,106.3973,304.448,348.228
case0052_002.png,case0052,002,118.61488,142.16,124.21600000000001,110.84
case0051_002.png,case0051,002,172.396,83.31596,64.765,51.906000000000006
case0216_002.png,case0216,002,64.368,26.136,365.888,281.888
case0142_002.png,case0142,002,184.952,285.464,107.912,107.584
case0251_002.png,case0251,002,156.406,40.391,177.80200000000002,174.406
case0151_006.png,case0151,006,257.005,100.59899999999999,53.797,116.39600000000002
case0239_002.png,case0239,002,126.024,115.72,239.928,273.328
case0146_002.png,case0146,002,134.512,333.44,221.024,117.816
case0146_002.png,case0146,002,132.136,59.976,226.816,244.624
case0087_001.png,case0087,001,176.0,181.0,52.0,90.0
case0087_001.png,case0087,001,261.0,186.0,52.0,89.0
case0198_007.png,case0198,007,120.745,226.53699999999998,50.765,80.926
case0149_006.png,case0149,006,97.97,170.99,108.846,147.652
case0024_001.png,case0024,001,215.599,144.995,76.802,149.208
case0059_005.png,case0059,005,123.0,176.0,129.0,163.0
case0059_005.png,case0059,005,276.0,150.0,101.0,192.0
case0080_005.png,case0080,005,165.0,159.0,49.0,53.0
case0080_005.png,case0080,005,264.0,165.0,56.0,53.0
case0189_004.png,case0189,004,25.51092,42.391980000000004,364.57399999999996,136.652
case0050_003.png,case0050,003,207.255,141.69799999999998,63.678,72.094
case0071_001.png,case0071,001,231.78323999999998,142.99848,116.174,83.458
case0270_001.png,case0270,001,8.0,2.0,460.0,429.0
case0064_002.png,case0064,002,68.329,36.885999999999996,320.738,414.483
case0041_006.png,case0041,006,123.797,196.594,265.802,201.614
case0095_001.png,case0095,001,349.0,245.0,32.0,76.0
case0191_006.png,case0191,006,298.71999999999997,247.928,49.327999999999996,47.144000000000005
case0162_001.png,case0162,001,163.06400000000002,204.69600000000003,154.54399999999998,87.93599999999999
case0006_001.png,case0006,001,176.802,257.0,38.797000000000004,60.004999999999995
case0270_003.png,case0270,003,159.23000000000002,80.416,287.156,220.629
case0171_001.png,case0171,001,269.906,141.906,58.188,115.93299999999999
case0171_001.png,case0171,001,81.22200000000001,62.82599999999999,105.456,189.57
case0059_002.png,case0059,002,188.0,181.0,32.0,129.0
case0059_002.png,case0059,002,261.0,162.0,31.0,90.0
case0020_001.png,case0020,001,293.0,151.0,97.0,70.0
case0020_001.png,case0020,001,234.0,29.0,86.0,88.0
case0050_002.png,case0050,002,165.248,236.696,159.504,102.728
case0044_001.png,case0044,001,228.0,236.0,55.0,52.0
case0100_016.png,case0100,016,264.198,207.792,61.792,62.802
case0240_002.png,case0240,002,217.416,134.488,131.95999999999998,133.888
case0102_008.png,case0102,008,289.047,241.537,94.114,71.812
case0004_001.png,case0004,001,184.154,245.95999999999998,109.274,86.04
case0185_001.png,case0185,001,27.218000000000004,7.603999999999999,237.391,228.589
case0247_001.png,case0247,001,103.235,41.591,263.121,379.36199999999997
case0114_001.png,case0114,001,349.0,298.0,49.0,48.0
case0173_001.png,case0173,001,180.54005999999998,183.55617999999998,45.234,79.408
case0085_003.png,case0085,003,161.832,207.392,121.456,98.93599999999999
case0262_003.png,case0262,003,195.39800000000002,272.01,35.019999999999996,50.0
case0005_003.png,case0005,003,145.0,163.0,84.0,99.0
case0005_003.png,case0005,003,244.0,162.0,99.0,100.0
case0221_003.png,case0221,003,110.97,39.158,231.20299999999997,243.26799999999997
case0075_004.png,case0075,004,163.69799999999998,211.738,56.906,83.047
case0075_004.png,case0075,004,261.678,207.738,68.02000000000001,90.047
case0215_002.png,case0215,002,148.784,230.648,73.08,76.96000000000001
case0047_005.png,case0047,005,245.75426,323.21758,73.25399999999999,76.468
case0213_002.png,case0213,002,212.0,226.0,64.0,56.0
case0063_005.png,case0063,005,98.93544,302.512,256.32,175.976
case0065_002.png,case0065,002,118.235,88.537,104.114,104.02
case0088_003.png,case0088,003,9.0,66.0,111.0,224.0
case0116_004.png,case0116,004,103.725,287.56399999999996,107.785,125.087
case0013_002.png,case0013,002,247.79699999999997,233.0,113.213,103.599
case0052_006.png,case0052,006,209.19799999999998,120.782,69.00999999999999,139.827
case0174_002.png,case0174,002,249.904,74.32000000000001,166.8,250.496
case0130_002.png,case0130,002,211.464,222.632,71.232,255.32
case0078_003.png,case0078,003,101.808,282.392,92.336,89.68
case0214_006.png,case0214,006,21.088,109.208,333.456,229.728
case0039_001.png,case0039,001,175.906,288.745,120.188,119.255
case0072_002.png,case0072,002,185.0,285.0,71.0,78.0
case0198_003.png,case0198,003,128.184,231.01,45.418,48.552
case0219_008.png,case0219,008,57.80200000000001,226.04,152.98,196.73700000000002
case0175_001.png,case0175,001,133.16400000000002,110.572,82.468,128.916
case0175_001.png,case0175,001,267.776,125.74600000000001,75.662,100.374
case0091_006.png,case0091,006,129.398,125.846,144.458,123.418
case0232_002.png,case0232,002,134.698,173.141,124.416,145.067
case0132_003.png,case0132,003,171.488,134.304,146.232,174.016
case0041_002.png,case0041,002,110.0,117.0,297.0,198.0
case0140_001.png,case0140,001,112.44,304.488,93.56,94.464
case0140_001.png,case0140,001,269.368,311.62399999999997,104.008,71.632
case0140_001.png,case0140,001,141.112,134.488,96.68,68.048
case0069_003.png,case0069,003,272.15999999999997,25.6,86.336,102.568
case0157_001.png,case0157,001,207.0,287.0,68.0,71.0
case0185_004.png,case0185,004,209.45600000000002,21.832,203.248,264.288
case0224_001.png,case0224,001,203.048,214.64800000000002,100.16,35.584
case0119_003.png,case0119,003,155.0,154.0,70.0,94.0
case0119_003.png,case0119,003,260.0,170.0,71.0,101.0
case0018_002.png,case0018,002,210.19400000000002,213.204,45.418,78.0
case0132_009.png,case0132,009,136.0,83.0,232.0,177.0
case0130_001.png,case0130,001,185.0,261.792,94.00999999999999,72.862
